allFallyou,2024/7/27 23:00,https://x.com/allFallyou
AuTONO_924,2024/5/25 17:44,https://x.com/AuTONO_924
Autumn_IVE,2024/5/20 12:27,https://x.com/Autumn_IVE
Autumn924_,2024/8/1 09:05,https://x.com/Autumn924_
B924gold,2023/4/7 10:42,https://x.com/B924gold
believe__u,2024/8/1 01:21,https://x.com/believe__u
BubbleTea_0924,2024/7/11 14:53,https://x.com/BubbleTea_0924
DearHerbst924,2024/7/23 15:23,https://x.com/DearHerbst924
fall_in_gaeul,2024/8/3 09:53,https://x.com/fall_in_gaeul
Fall_Moon0924,2024/8/6 13:34,https://x.com/Fall_Moon0924
florens924_,2024/7/26 17:35,https://x.com/florens924_
Gaeulletter_IVE,2024/8/5 17:01,https://x.com/Gaeulletter_IVE
IVE_Autumn,2024/8/6 18:27,https://x.com/IVE_Autumn
Katalina_924,2024/7/24 18:38,https://x.com/Katalina_924
maplefall924,2024/8/6 12:44,https://x.com/maplefall924
neuru924,2024/7/21 14:24,https://x.com/neuru924
Notes_0924,2024/7/22 18:11,https://x.com/Notes_0924
RustleIn_924,2024/8/3 18:48,https://x.com/RustleIn_924
ss_iel,2024/7/9 17:17,https://x.com/ss_iel
sunset_ge,2024/8/4 11:33,https://x.com/sunset_ge
theone_0924,2024/6/4 15:36,https://x.com/theone_0924
Warm_Fall_Story,2024/6/1 17:18,https://x.com/Warm_Fall_Story
zaijienantao924,2024/7/24 23:30,https://x.com/zaijienantao924
