122Euphoria,2024/4/25 11:56,https://x.com/122Euphoria
August31_2018,2024/5/1 19:38,https://x.com/August31_2018
bosquet_ive,2023/5/20 23:15,https://x.com/bosquet_ive
connect_withU,2024/5/18 19:32,https://x.com/connect_withU
EV_ICeleb,2024/5/8 22:06,https://x.com/EV_ICeleb
kongsoon_ni,2024/7/30 17:20,https://x.com/kongsoon_ni
Lizjin_,2024/7/22 18:17,https://x.com/Lizjin_
LOTSO_NOTSO,2024/6/6 14:13,https://x.com/LOTSO_NOTSO
LUV_delIVErance,2024/3/12 00:37,https://x.com/LUV_delIVErance
SUNSET4H,2024/5/26 20:33,https://x.com/SUNSET4H
VEG04veg,2024/5/4 16:58,https://x.com/VEG04veg
