Coisni_0221,2024/3/15 17:20,https://x.com/Coisni_0221
double_x21,2024/7/27 11:34,https://x.com/double_x21
Eudemonic_kr,2024/7/21 22:18,https://x.com/Eudemonic_kr
Harebelleeseo,2024/8/3 22:10,https://x.com/Harebelleeseo
Hello33leeseo,2024/7/24 22:48,https://x.com/Hello33leeseo
hyuntamong_0221,2024/8/1 09:12,https://x.com/hyuntamong_0221
leehyunseo221,2024/8/6 11:32,https://x.com/leehyunseo221
Leeseo_iF,2022/12/30 07:37,https://x.com/Leeseo_iF
loveafter221,2023/2/20 23:02,https://x.com/loveafter221
lycheee_lii,2024/7/30 12:18,https://x.com/lycheee_lii
oeseo_0221,2024/6/11 21:15,https://x.com/oeseo_0221
rinseo_4ever,2024/3/10 21:48,https://x.com/rinseo_4ever
roseappleeseo,2024/7/29 23:07,https://x.com/roseappleeseo
silky_ls,2024/8/4 13:48,https://x.com/silky_ls
smileeseo,2024/7/26 14:54,https://x.com/smileeseo
SnowWhiteLeeseo,2024/8/5 17:11,https://x.com/SnowWhiteLeeseo
SPEED_REISEO,2024/7/12 06:04,https://x.com/SPEED_REISEO
springhaze07,2023/2/14 22:30,https://x.com/springhaze07
Stella_lswy,2024/3/22 20:01,https://x.com/Stella_lswy
tigereye0221,2024/5/5 07:12,https://x.com/tigereye0221
XO_0221,2023/12/2 21:42,https://x.com/XO_0221
yaoyaohu070221,2024/8/6 01:01,https://x.com/yaoyaohu070221
Yiiio0221,2024/7/5 22:11,https://x.com/Yiiio0221
yuzlii_camille,2024/8/4 04:19,https://x.com/yuzlii_camille
