Berries_Liz1121,2024/7/28 22:45,https://x.com/Berries_Liz1121
cherryY_Liz,2024/8/2 09:45,https://x.com/cherryY_Liz
churu_lz,2024/8/5 16:23,https://x.com/churu_lz
Citrus_LIZ,2024/7/27 01:29,https://x.com/Citrus_LIZ
creamy_liz,2024/7/21 21:47,https://x.com/creamy_liz
danta121010,2024/7/22 21:43,https://x.com/danta121010
DearKitty_liz,2024/8/5 16:17,https://x.com/DearKitty_liz
door_lz,2024/7/28 21:13,https://x.com/door_lz
Duffy_1121,2024/7/24 17:38,https://x.com/Duffy_1121
Flippedberry,2024/7/22 20:05,https://x.com/Flippedberry
J_One_1121,2023/10/21 11:43,https://x.com/J_One_1121
Joshu_ki1230,2024/8/6 11:22,https://x.com/Joshu_ki1230
Kzzz_1013,2024/3/4 10:38,https://x.com/Kzzz_1013
l1z_21,2023/10/8 22:01,https://x.com/l1z_21
Lilac_1121,2024/3/10 17:52,https://x.com/Lilac_1121
liz_anieyo,2024/8/4 08:15,https://x.com/liz_anieyo
Liz_fakemom,2024/5/8 14:08,https://x.com/Liz_fakemom
Lizz_1121,2024/7/21 22:46,https://x.com/Lizz_1121
Lizz_among,2024/8/1 08:58,https://x.com/Lizz_among
Lovesick_LIZ,2024/3/9 23:13,https://x.com/Lovesick_LIZ
maru_kpop1121,2024/6/25 20:10,https://x.com/maru_kpop1121
Meory1121,2024/8/5 14:03,https://x.com/Meory1121
OurPromQueens,2024/7/11 22:00,https://x.com/OurPromQueens
pear1121liz,2023/11/14 18:33,https://x.com/pear1121liz
rkpn15e,2024/5/30 21:04,https://x.com/rkpn15e
wang_zijia1213,2024/6/17 09:26,https://x.com/wang_zijia1213
wishstar901,2024/6/25 15:44,https://x.com/wishstar901
WOWLIZ1121,2024/7/22 14:33,https://x.com/WOWLIZ1121
