B1ABEC_REI,2024/8/5 17:16,https://x.com/B1ABEC_REI
cotton__rei,2024/7/17 19:26,https://x.com/cotton__rei
fuwafuwa_soso,2024/8/5 12:26,https://x.com/fuwafuwa_soso
ISLAND_JPG,2024/5/27 20:29,https://x.com/ISLAND_JPG
Kimreifan,2024/8/5 10:53,https://x.com/Kimreifan
kirei__rei,2024/2/4 17:31,https://x.com/kirei__rei
kirei_rei,2024/8/2 16:00,https://x.com/kirei_rei
libeudesu,2024/8/6 17:16,https://x.com/libeudesu
lux_0203,2024/8/1 09:05,https://x.com/lux_0203
mianchan0v0,2024/6/17 04:25,https://x.com/mianchan0v0
MottoRei0203,2024/5/15 18:31,https://x.com/MottoRei0203
Pichoni20040203,2024/8/1 19:23,https://x.com/Pichoni20040203
PinkPeach_rei,2024/8/5 16:41,https://x.com/PinkPeach_rei
qcpk0203,2024/7/23 23:11,https://x.com/qcpk0203
rei_inyourheart,2024/7/31 19:12,https://x.com/rei_inyourheart
REI_PIECE1,2024/8/1 09:33,https://x.com/REI_PIECE1
rei_yalltake,2024/5/26 22:21,https://x.com/rei_yalltake
Reihao_0203,2024/8/6 21:04,https://x.com/Reihao_0203
reike_it,2023/6/5 15:58,https://x.com/reike_it
REINFP_,2024/8/6 15:07,https://x.com/REINFP_
reinmyheart_ig,2024/8/5 16:41,https://x.com/reinmyheart_ig
Reively0203,2024/7/23 00:39,https://x.com/Reively0203
reyomi_0203,2024/6/25 17:56,https://x.com/reyomi_0203
roveurei5959,2023/8/8 21:18,https://x.com/roveurei5959
sunflower203_,2024/1/4 20:27,https://x.com/sunflower203_
YehRry,2024/3/31 02:16,https://x.com/YehRry
YEPinyourheart,2024/8/6 04:01,https://x.com/YEPinyourheart
