_Strawbabbie,2024/7/26 19:52,https://x.com/_Strawbabbie
10_vickycat,2024/5/16 19:52,https://x.com/10_vickycat
20040831_jp,2024/7/21 22:45,https://x.com/20040831_jp
831beloved,2023/3/13 10:19,https://x.com/831beloved
831young_hee626,2024/5/6 15:03,https://x.com/831young_hee626
air_wyive,2024/7/24 14:46,https://x.com/air_wyive
anecdote_wy,2024/8/1 09:09,https://x.com/anecdote_wy
asc_wonyoung,2024/8/1 18:23,https://x.com/asc_wonyoung
atoposvicky,2024/7/23 16:02,https://x.com/atoposvicky
Ayano_WonYoung,2024/8/1 21:18,https://x.com/Ayano_WonYoung
babybunny831,2024/7/22 00:06,https://x.com/babybunny831
Broivn_0831,2024/8/6 18:05,https://x.com/Broivn_0831
CherrBunny_0831,2024/8/1 09:23,https://x.com/CherrBunny_0831
CherryWY0831,2024/3/24 11:42,https://x.com/CherryWY0831
ChoCollect__,2024/7/5 12:43,https://x.com/ChoCollect__
cuddly_wy,2024/8/1 09:01,https://x.com/cuddly_wy
Daisy_Lnn,2024/8/3 19:10,https://x.com/Daisy_Lnn
Doteonmywony,2024/5/26 20:33,https://x.com/Doteonmywony
Dubba_DD,2023/2/26 17:58,https://x.com/Dubba_DD
Eustoma_04,2024/2/23 15:15,https://x.com/Eustoma_04
for_102days,2024/8/5 15:12,https://x.com/for_102days
gammaray_0831,2024/3/31 23:00,https://x.com/gammaray_0831
GUI_2_wy,2024/3/9 20:36,https://x.com/GUI_2_wy
Hellowy831,2024/7/22 13:15,https://x.com/Hellowy831
Hwoonyyy,2024/4/8 14:26,https://x.com/Hwoonyyy
IM_KANGHYE,2024/8/1 09:52,https://x.com/IM_KANGHYE
Jewelry_107,2024/6/6 08:50,https://x.com/Jewelry_107
jjang_milk,2024/8/6 15:27,https://x.com/jjang_milk
kkk0109xx,2024/6/17 07:31,https://x.com/kkk0109xx
kkungingle,2024/7/21 14:02,https://x.com/kkungingle
Land_of_Blest,2023/4/28 14:14,https://x.com/Land_of_Blest
lemondrop0831,2023/12/18 08:28,https://x.com/lemondrop0831
Listen_0831,2024/5/28 03:11,https://x.com/Listen_0831
LUCKY__0831,2024/7/5 13:24,https://x.com/LUCKY__0831
ms_jwy,2024/7/31 14:58,https://x.com/ms_jwy
Nep2nuxx,2024/5/31 06:04,https://x.com/Nep2nuxx
nyoungighting,2024/5/1 17:25,https://x.com/nyoungighting
OneandOnly_IVE,2024/8/5 16:49,https://x.com/OneandOnly_IVE
OneVicky0831,2024/3/9 21:19,https://x.com/OneVicky0831
OneYoung_10,2024/4/23 19:11,https://x.com/OneYoung_10
PinkyLove831,2024/4/16 16:21,https://x.com/PinkyLove831
Puppy_WY,2024/7/26 20:45,https://x.com/Puppy_WY
puppydiary0831,2024/8/6 18:41,https://x.com/puppydiary0831
RABBITFORHSWY,2024/7/22 13:20,https://x.com/RABBITFORHSWY
Rose_wyls,2024/8/4 11:02,https://x.com/Rose_wyls
saaang_photo,2024/8/5 18:12,https://x.com/saaang_photo
saladwanA,2024/8/5 00:55,https://x.com/saladwanA
Scent_dolls,2024/7/5 08:05,https://x.com/Scent_dolls
Snooze_0831,2024/7/12 21:19,https://x.com/Snooze_0831
starrywithwon_,2024/7/18 12:49,https://x.com/starrywithwon_
Starwithtokki,2024/8/3 01:57,https://x.com/Starwithtokki
syoshi17,2024/7/6 23:00,https://x.com/syoshi17
terriea040831wy,2024/6/2 14:20,https://x.com/terriea040831wy
TiAmo831,2024/7/25 11:18,https://x.com/TiAmo831
tokkiwony831,2024/8/4 08:53,https://x.com/tokkiwony831
until_WY,2024/5/21 19:19,https://x.com/until_WY
want__wy,2024/8/4 11:36,https://x.com/want__wy
WaxingMoon_won,2022/12/24 22:13,https://x.com/WaxingMoon_won
winyong_ive,2024/8/6 12:59,https://x.com/winyong_ive
wonoosx_WY,2024/6/27 09:29,https://x.com/wonoosx_WY
Wonyoungtokki,2024/7/8 21:05,https://x.com/Wonyoungtokki
wuyuzi_z,2024/7/24 23:10,https://x.com/wuyuzi_z
wycrumble,2024/8/4 23:34,https://x.com/wycrumble
WYJUICE0831,2024/7/13 18:03,https://x.com/WYJUICE0831
wywjsy1,2024/5/23 23:35,https://x.com/wywjsy1
xianyang_,2024/6/22 22:44,https://x.com/xianyang_
zhiwuzhiying,2024/7/23 23:25,https://x.com/zhiwuzhiying
