567ACE_901,2024/3/9 22:20,https://x.com/567ACE_901
901Percent_,2024/8/4 19:50,https://x.com/901Percent_
AC09010902,2024/8/4 12:00,https://x.com/AC09010902
accountfor_91,2023/5/5 15:53,https://x.com/accountfor_91
anauddmlDive,2024/3/10 01:13,https://x.com/anauddmlDive
andingding901,2024/7/13 14:10,https://x.com/andingding901
AnYuding901,2024/7/21 22:30,https://x.com/AnYuding901
anyuniverse_,2023/10/24 01:53,https://x.com/anyuniverse_
beacoup91,2024/7/30 20:05,https://x.com/beacoup91
BESTAYJ,2023/10/23 23:31,https://x.com/BESTAYJ
bestpart_901,2024/8/5 09:18,https://x.com/bestpart_901
Blue_AYJ,2024/8/1 10:41,https://x.com/Blue_AYJ
BlueBell_YJ,2024/7/4 23:22,https://x.com/BlueBell_YJ
bluemoonyuj,2024/5/7 17:23,https://x.com/bluemoonyuj
blueroid91,2023/7/12 20:41,https://x.com/blueroid91
boong_a__bbang,2024/7/21 23:35,https://x.com/boong_a__bbang
Celestial_YUJIN,2024/7/22 21:15,https://x.com/Celestial_YUJIN
CoolKids0901,2024/7/24 23:26,https://x.com/CoolKids0901
Daeng_0901,2024/8/2 08:01,https://x.com/Daeng_0901
daeng_dive,2024/7/22 23:36,https://x.com/daeng_dive
DFpisces901,2024/7/23 17:24,https://x.com/DFpisces901
eyesonyu_ayj,2024/8/1 09:08,https://x.com/eyesonyu_ayj
favoriteayj0901,2024/4/15 12:32,https://x.com/favoriteayj0901
feelshot0901,2024/3/23 21:48,https://x.com/feelshot0901
felicity_yj,2023/9/20 21:44,https://x.com/felicity_yj
fishcake901,2024/4/5 23:02,https://x.com/fishcake901
followyujin0901,2024/8/5 20:08,https://x.com/followyujin0901
GoldenAgeYJ,2024/8/6 11:06,https://x.com/GoldenAgeYJ
hanul1201,2024/8/5 16:48,https://x.com/hanul1201
JjangGU_030901,2024/8/5 16:18,https://x.com/JjangGU_030901
kissyu_901,2024/7/23 22:08,https://x.com/kissyu_901
KWONGSW,2024/8/1 13:06,https://x.com/KWONGSW
lastpang_A,2024/8/3 20:25,https://x.com/lastpang_A
likeyu901,2023/10/7 22:43,https://x.com/likeyu901
Makeawish_0901,2024/7/23 20:12,https://x.com/Makeawish_0901
makeitslow0901,2024/2/29 22:32,https://x.com/makeitslow0901
MAKing_DCT,2024/8/5 16:55,https://x.com/MAKing_DCT
Midnight_YJ,2024/7/17 23:17,https://x.com/Midnight_YJ
momomomov_v,2024/8/6 14:11,https://x.com/momomomov_v
ONE_12bunny_,2023/5/22 20:55,https://x.com/ONE_12bunny_
onix_0901,2023/12/24 20:53,https://x.com/onix_0901
oooorw48,2024/7/23 10:51,https://x.com/oooorw48
passionfruit901,2023/12/25 21:07,https://x.com/passionfruit901
puppyholic91,2023/5/1 18:51,https://x.com/puppyholic91
Pyno3_,2024/8/5 17:01,https://x.com/Pyno3_
qxwl_yj901,2024/7/26 19:03,https://x.com/qxwl_yj901
ROSE_AYJ0901,2024/8/6 00:52,https://x.com/ROSE_AYJ0901
sapphire_YUJIN,2024/3/16 01:30,https://x.com/sapphire_YUJIN
say_reasons,2024/7/25 15:10,https://x.com/say_reasons
sept_AnYujin,2023/8/9 19:06,https://x.com/sept_AnYujin
seula091,2024/5/11 15:07,https://x.com/seula091
shiningblues901,2024/7/18 21:23,https://x.com/shiningblues901
SLEEPTIGHT_YJ,2024/7/23 00:01,https://x.com/SLEEPTIGHT_YJ
snow_ayjjwy,2024/7/16 18:05,https://x.com/snow_ayjjwy
Staryujin1903,2024/6/17 05:42,https://x.com/Staryujin1903
Sugar_AnYuJin,2023/12/24 19:25,https://x.com/Sugar_AnYuJin
sweetpicnic,2023/10/9 00:41,https://x.com/sweetpicnic
taeng309,2024/7/29 20:54,https://x.com/taeng309
Temeraire_a,2024/8/2 10:25,https://x.com/Temeraire_a
Untitled_A901,2024/3/16 20:26,https://x.com/Untitled_A901
uyuyou_0901,2023/10/9 10:24,https://x.com/uyuyou_0901
Uzini91,2024/7/8 20:24,https://x.com/Uzini91
wave_yj,2024/7/13 22:35,https://x.com/wave_yj
yenzotzoi,2024/8/1 22:30,https://x.com/yenzotzoi
Yujin0901_,2023/8/8 22:35,https://x.com/Yujin0901_
yujinplog_ayj,2024/7/23 10:41,https://x.com/yujinplog_ayj
yuyujin230901,2024/8/4 08:23,https://x.com/yuyujin230901
